{
    "accuracy": 0.45958429561200925,
    "correct": 199,
    "total": 433,
    "forced accuracy": 0.5284552845528455,
    "forced correct": 65,
    "forced total": 123
}