{
    "accuracy": 0.5057736720554272,
    "correct": 219,
    "total": 433,
    "forced accuracy": 0.5853658536585366,
    "forced correct": 72,
    "forced total": 123
}