{
    "accuracy": 0.5080831408775982,
    "correct": 220,
    "total": 433,
    "forced accuracy": 0.6178861788617886,
    "forced correct": 76,
    "forced total": 123
}