{
    "accuracy": 0.48729792147806006,
    "correct": 211,
    "total": 433,
    "forced accuracy": 0.5772357723577236,
    "forced correct": 71,
    "forced total": 123
}